Reference~images\artists\resized\Reference.png~no style applied
Abigail Larson~images\artists\resized\Abigail_Larson.png~style of Abigail Larson
Akira Toriyama~images\artists\resized\Akira_Toriyama.png~style of Akira Toriyama
Andreas Rocha~images\artists\resized\Andreas_Rocha.png~style of Andreas Rocha
Andy Kehoe~images\artists\resized\Andy_Kehoe.png~style of Andy Kehoe
Anton Semenov~images\artists\resized\Anton_Semenov.png~style of Anton Semenov
Bastien Lecouffe-Deharme~images\artists\resized\Bastien_Lecouffe-Deharme.png~style of Bastien Lecouffe-Deharme
Brian Froud~images\artists\resized\Brian_Froud.png~style of Brian Froud
Bruce Pennington~images\artists\resized\Bruce_Pennington.png~style of Bruce Pennington
Clive Barker~images\artists\resized\Clive_Barker.png~style of Clive Barker
Darek Zabrocki~images\artists\resized\Darek_Zabrocki.png~style of Darek Zabrocki
Frank Frazetta~images\artists\resized\Frank_Frazetta.png~style of Frank Frazetta
Gerald Brom~images\artists\resized\Gerald_Brom.png~style of Gerald Brom
Greg Rutkowski~images\artists\resized\Greg_Rutkowski.png~style of Greg Rutkowski
Hayao Miyazaki~images\artists\resized\Hayao_Miyazaki.png~style of Hayao Miyazaki
HR Giger~images\artists\resized\HR_Giger.png~style of HR Giger
Ilya Kuvshinov~images\artists\resized\Ilya_Kuvshinov.png~style of Ilya Kuvshinov
Ismail Inceoglu~images\artists\resized\Ismail_Inceoglu.png~style of Ismail Inceoglu
James C Christensen~images\artists\resized\James_C_Christensen.png~style of James C Christensen
Jean-Baptiste Monge~images\artists\resized\Jean-Baptiste_Monge.png~style of Jean-Baptiste Monge
Jorge Jacinto~images\artists\resized\Jorge_Jacinto.png~style of Jorge Jacinto
Junko Mizuno~images\artists\resized\Junko_Mizuno.png~style of Junko Mizuno
Makoto Shinkai~images\artists\resized\Makoto_Shinkai.png~style of Makoto Shinkai
Masamune Shirow~images\artists\resized\Masamune_Shirow.png~style of Masamune Shirow
Naoto Hattori~images\artists\resized\Naoto_Hattori.png~style of Naoto Hattori
Peter Mohrbacher~images\artists\resized\Peter_Mohrbacher.png~style of Peter Mohrbacher
Raymond Swanland~images\artists\resized\Raymond_Swanland.png~style of Raymond Swanland
Rodney Matthews~images\artists\resized\Rodney_Matthews.png~style of Rodney Matthews
Santiago Caruso~images\artists\resized\Santiago_Caruso.png~style of Santiago Caruso
Seb McKinnon~images\artists\resized\Seb_McKinnon.png~style of Seb McKinnon
Stephan Martiniere~images\artists\resized\Stephan_Martiniere.png~style of Stephan Martiniere
Stephen Hickman~images\artists\resized\Stephen_Hickman.png~style of Stephen Hickman
Studio Ghibli~images\artists\resized\Studio_Ghibli.png~style of Studio Ghibli
Tyler Edlin~images\artists\resized\Tyler_Edlin.png~style of Tyler Edlin